"AfreecaTV (Korean)",AfreecaTV,/store/apps/developer?id=AfreecaTV,MEDIA_AND_VIDEO,True,0.0,349391,3.30019116401672
"Xray Scanner Prank",porrassoft,/store/apps/developer?id=porrassoft,ENTERTAINMENT,True,0.0,261425,3.37131881713867
"CityShop - for Craigslist","YYH Creative",/store/apps/developer?id=YYH+Creative,SHOPPING,True,0.0,139689,3.21769237518311
"Blurb Checkout","Blurb Inc.",/store/apps/developer?id=Blurb+Inc.,PHOTOGRAPHY,True,0.0,128881,1.61926889419556
"spモードメール","NTT DOCOMO",/store/apps/developer?id=NTT+DOCOMO,COMMUNICATION,True,0.0,128880,2.19094562530518
"Aviary Stickers: Free Pack","Aviary, Inc.","/store/apps/developer?id=Aviary,+Inc.",LIBRARIES_AND_DEMO,True,0.0,122623,3.49734544754028
"Kugou Music","酷狗 音乐",/store/apps/developer?id=%E9%85%B7%E7%8B%97+%E9%9F%B3%E4%B9%90,MUSIC_AND_AUDIO,True,0.0,117837,2.99812459945679
"Video Maker Movie Editor",Rabbit,/store/apps/developer?id=Rabbit,MEDIA_AND_VIDEO,True,0.0,109430,3.29548573493958
"ZombieTown Minecraft Wallpaper","Otter Studios",/store/apps/developer?id=Otter+Studios,PERSONALIZATION,True,0.0,108899,3.39195942878723
"Wifi pass",Castetor,/store/apps/developer?id=Castetor,TOOLS,True,0.0,106802,3.23434233665466
"Make Me Bald","Swiss Codemonkeys",/store/apps/dev?id=7475663123286531484,ENTERTAINMENT,True,0.0,98696,3.36633062362671
.Tuenti,Tuenti,/store/apps/developer?id=Tuenti,COMMUNICATION,True,0.0,94384,3.0904495716095
"Video Maker Pro Free",HALBERT,/store/apps/developer?id=HALBERT,MEDIA_AND_VIDEO,True,0.0,93984,3.42862606048584
"PPS (for Mobile)",PPS.TV,/store/apps/developer?id=PPS.TV,ENTERTAINMENT,True,0.0,91390,3.46970057487488
"Xray Scan","RQ Droid",/store/apps/developer?id=RQ+Droid,ENTERTAINMENT,True,0.0,90326,2.91569423675537
Layar,Layar,/store/apps/developer?id=Layar,LIFESTYLE,True,0.0,88544,3.32405304908752
"Night Vision Camera",Fingersoft,/store/apps/developer?id=Fingersoft,PHOTOGRAPHY,True,0.0,86530,3.48080348968506
"Screen Recorder",NLL,/store/apps/developer?id=NLL,MEDIA_AND_VIDEO,True,0.0,85318,3.09357929229736
"McDonald's Japan","日本マクドナルド株式会社",/store/apps/developer?id=%E6%97%A5%E6%9C%AC%E3%83%9E%E3%82%AF%E3%83%89%E3%83%8A%E3%83%AB%E3%83%89%E6%A0%AA%E5%BC%8F%E4%BC%9A%E7%A4%BE,LIFESTYLE,True,0.0,81199,3.37968516349792
"Blood Alcohol Content Calc","Dan B",/store/apps/developer?id=Dan+B,TOOLS,True,0.0,79350,3.03286385536194
"Krystle II","Steven Levis",/store/apps/developer?id=Steven+Levis,ENTERTAINMENT,True,0.0,73245,2.73055243492126
"BBC Media Player","Media Applications Technologies for the BBC",/store/apps/developer?id=Media+Applications+Technologies+for+the+BBC,ENTERTAINMENT,True,0.0,70535,3.41417503356934
"카카오뮤직 KakaoMusic","Kakao Corporation",/store/apps/developer?id=Kakao+Corporation,MUSIC_AND_AUDIO,True,0.0,68393,3.39477729797363
"PPS影音HD",PPS.TV,/store/apps/developer?id=PPS.TV,MEDIA_AND_VIDEO,True,0.0,68392,3.39728331565857
"body symbol",esse.vn,/store/apps/developer?id=esse.vn,PHOTOGRAPHY,True,0.0,68287,3.41537928581238
"Beaming Service for Samsung","Mobeam Inc.",/store/apps/developer?id=Mobeam+Inc.,PRODUCTIVITY,True,0.0,67341,2.86510443687439
"GO SMS PRO EMOJI PLUGIN","GO Dev Team",/store/apps/developer?id=GO+Dev+Team,PERSONALIZATION,True,0.0,66563,3.32994318008423
"WiFi Password Recover","Ge Cheng",/store/apps/developer?id=Ge+Cheng,TOOLS,True,0.0,65641,3.42386627197266
"Viewster – Movies, TV & Anime",Viewster,/store/apps/developer?id=Viewster,ENTERTAINMENT,True,0.0,61160,3.44569969177246
Ameba,"CyberAgent Inc.",/store/apps/developer?id=CyberAgent+Inc.,SOCIAL,True,0.0,57741,2.68561339378357
"ANT+ Plugins Service",ANT+,/store/apps/developer?id=ANT%2B,HEALTH_AND_FITNESS,True,0.0,55427,3.14447832107544
"Wi-Fi password reminder","Владимир Тимофеев",/store/apps/dev?id=5721804372984655846,TOOLS,True,0.0,54775,3.25111818313599
Clarovideo,CLARO,/store/apps/developer?id=CLARO,ENTERTAINMENT,True,0.0,51947,3.36546874046326
"Storm Live Wallpaper","Pro Live Wallpapers",/store/apps/developer?id=Pro+Live+Wallpapers,PERSONALIZATION,True,0.0,51515,3.47836542129517
"Body Scanner Free Prank","Kar Mobile Apps",/store/apps/developer?id=Kar+Mobile+Apps,ENTERTAINMENT,True,0.0,51199,3.42288756370544
myTV,tvb.com,/store/apps/developer?id=tvb.com,ENTERTAINMENT,True,0.0,51173,3.06275534629822
DialCall,"Mamoru Tokashiki",/store/apps/developer?id=Mamoru+Tokashiki,LIBRARIES_AND_DEMO,True,0.0,51122,2.72348475456238
"Google Korean Input","Google Inc.",/store/apps/dev?id=5700313618786177705,TOOLS,True,0.0,49526,3.41622161865234
"Domino's Pizza India","Jubilant FoodWorks Limited",/store/apps/developer?id=Jubilant+FoodWorks+Limited,LIFESTYLE,True,0.0,48882,3.40675497055054
"Screen Capture Shortcut Free",tomorrowkey,/store/apps/developer?id=tomorrowkey,TOOLS,True,0.0,47767,3.4924795627594
"Speed Gun","Smart Tools co.",/store/apps/dev?id=8538762079538549051,TOOLS,True,0.0,46519,3.45572781562805
"Mobile Learn™","Blackboard Inc.",/store/apps/developer?id=Blackboard+Inc.,EDUCATION,True,0.0,46307,3.13891839981079
"Move to iOS","Apple Inc.",/store/apps/developer?id=Apple+Inc.,TOOLS,True,0.0,46095,2.0785551071167
"OB Pregnancy Dates Calculator","Tom Gustafson",/store/apps/developer?id=Tom+Gustafson,PRODUCTIVITY,True,0.0,45981,3.47979807853699
SkyQuote,Skycoders,/store/apps/developer?id=Skycoders,LIFESTYLE,True,0.0,45885,3.39252328872681
MYTF1,e-TF1,/store/apps/developer?id=e-TF1,ENTERTAINMENT,True,0.0,45016,2.95510482788086
"Cheat Droid ★ root only","FLX Apps",/store/apps/developer?id=FLX+Apps,TOOLS,True,0.0,44611,3.43646192550659
Atresplayer,ATRESMEDIA,/store/apps/developer?id=ATRESMEDIA,MEDIA_AND_VIDEO,True,0.0,44489,3.22814631462097
"Background Calendar (basic)","Maplekey Company",/store/apps/developer?id=Maplekey+Company,PRODUCTIVITY,True,0.0,43401,2.61310791969299
SpellIt,"Erik C. Thauvin",/store/apps/developer?id=Erik+C.+Thauvin,BOOKS_AND_REFERENCE,True,0.0,43371,2.7259259223938
"Hair Color Studio",ModiFace,/store/apps/developer?id=ModiFace,PHOTOGRAPHY,True,0.0,42140,3.34074521064758
"ウェザーニュースタッチ","Weathernews Inc.",/store/apps/developer?id=Weathernews+Inc.,WEATHER,True,0.0,41840,3.24590992927551
"ITV Player","ITV PLC",/store/apps/developer?id=ITV+PLC,ENTERTAINMENT,True,0.0,41161,3.04492115974426
"MyTIM Mobile","Telecom Italia S.p.a.",/store/apps/developer?id=Telecom+Italia+S.p.a.,TOOLS,True,0.0,39935,3.46678352355957
"Night Vision Camera Simulation",UsefullApps,/store/apps/developer?id=UsefullApps,TOOLS,True,0.0,39673,3.16225147247314
"7TV | Mediathek, TV Livestream","ProSiebenSat.1 Digital GmbH",/store/apps/dev?id=8293759417291509572,ENTERTAINMENT,True,0.0,39320,3.42225337028503
screencast,"Kastor Soft",/store/apps/developer?id=Kastor+Soft,TOOLS,True,0.0,39256,3.11944675445557
Vimeo,"Vimeo Mobile",/store/apps/developer?id=Vimeo+Mobile,ENTERTAINMENT,True,0.0,39173,3.48668718338013
"OI Update",OpenIntents,/store/apps/developer?id=OpenIntents,TOOLS,True,0.0,39171,3.25119042396545
Lifeboat+,"Lifeboat Network",/store/apps/developer?id=Lifeboat+Network,TOOLS,True,0.0,39080,3.15248203277588
"Face Off","TONUZABA ENTERTAINMENT",/store/apps/dev?id=8916436038642286022,ENTERTAINMENT,True,0.0,38933,3.47740983963013
"NBC Sports Live Extra","NBCUniversal Media, LLC","/store/apps/developer?id=NBCUniversal+Media,+LLC",SPORTS,True,0.0,38877,2.74511933326721
"Wise Cards Free - Flashcards","Phyrum Tea",/store/apps/developer?id=Phyrum+Tea,EDUCATION,True,0.0,38726,3.36734700202942
"코레일톡",KORAIL,/store/apps/developer?id=KORAIL,TRAVEL_AND_LOCAL,True,0.0,37963,3.40312433242798
"Video Edit + (Movie Maker)",w6studio,/store/apps/developer?id=w6studio,PHOTOGRAPHY,True,0.0,37852,3.48245787620544
"Avea Online İşlemler","Avea Iletisim Hizmetleri A.S.",/store/apps/developer?id=Avea+Iletisim+Hizmetleri+A.S.,PRODUCTIVITY,True,0.0,36936,3.4456627368927
"Mods - Minecraft PE","Wizzed Media",/store/apps/developer?id=Wizzed+Media,NEWS_AND_MAGAZINES,True,0.0,36509,3.02333664894104
"Prip - Rádio Nextel","Nextel International (Services) Ltd.",/store/apps/developer?id=Nextel+International+(Services)+Ltd.,COMMUNICATION,True,0.0,36458,3.41601300239563
"Verizon Tones","Verizon - VZ",/store/apps/developer?id=Verizon+-+VZ,ENTERTAINMENT,True,0.0,36164,2.95616126060486
"Movie Maker - Video Editor","KK Emoji Keyboard Studio",/store/apps/developer?id=KK+Emoji+Keyboard+Studio,MEDIA_AND_VIDEO,True,0.0,36049,3.01861357688904
"niconico - Japan's biggest UGM","株式会社ドワンゴ",/store/apps/developer?id=%E6%A0%AA%E5%BC%8F%E4%BC%9A%E7%A4%BE%E3%83%89%E3%83%AF%E3%83%B3%E3%82%B4,MEDIA_AND_VIDEO,True,0.0,35778,3.44588851928711
"DS download","Synology Inc.",/store/apps/developer?id=Synology+Inc.,TOOLS,True,0.0,35264,3.36981058120728
"Sky Go",BSkyB,/store/apps/developer?id=BSkyB,ENTERTAINMENT,True,0.0,35155,3.04824352264404
"Mi Fit","Xiaomi Technology",/store/apps/developer?id=Xiaomi+Technology,HEALTH_AND_FITNESS,True,0.0,34672,3.46218848228455
"FirePin Trip Tracker","jTribe US",/store/apps/developer?id=jTribe+US,TRAVEL_AND_LOCAL,True,0.0,34337,3.12790703773499
aBMI,gasolin,/store/apps/developer?id=gasolin,HEALTH_AND_FITNESS,True,0.0,34154,3.07207202911377
"Rai TV","RAI Radiotelevisione Italiana S.p.A.",/store/apps/developer?id=RAI+Radiotelevisione+Italiana+S.p.A.,ENTERTAINMENT,True,0.0,34132,3.39605069160461
"OI News Reader",OpenIntents,/store/apps/developer?id=OpenIntents,NEWS_AND_MAGAZINES,True,0.0,34048,3.4053156375885
"Visage Lab – face retouch","VicMan  LLC",/store/apps/dev?id=6017800222101031429,PHOTOGRAPHY,True,0.0,33929,3.44873118400574
"All 4","Channel 4 Television Corporation",/store/apps/developer?id=Channel+4+Television+Corporation,ENTERTAINMENT,True,0.0,33788,2.85719776153564
FireChat,"Open Garden",/store/apps/developer?id=Open+Garden,SOCIAL,True,0.0,33760,3.46134471893311
"Garmin Connect™ Mobile",Garmin,/store/apps/developer?id=Garmin,HEALTH_AND_FITNESS,True,0.0,33327,3.37285089492798
"TV d'Orange","Orange SA",/store/apps/developer?id=Orange+SA,ENTERTAINMENT,True,0.0,33198,3.4434769153595
mitele,"Mediaset España",/store/apps/developer?id=Mediaset+Espa%C3%B1a,ENTERTAINMENT,True,0.0,33125,3.31891322135925
"Mp3 Music Downloader",wingroup,/store/apps/developer?id=wingroup,MUSIC_AND_AUDIO,True,0.0,31988,2.54092168807983
GpsMail,"moro's shop","/store/apps/developer?id=moro's+shop",COMMUNICATION,True,0.0,31788,3.11320757865906
"SamyGo Remote","Tom Quist",/store/apps/developer?id=Tom+Quist,TOOLS,True,0.0,31545,3.44567394256592
"Thermal Camera",Fingersoft,/store/apps/developer?id=Fingersoft,PHOTOGRAPHY,True,0.0,31022,3.37202620506287
"Langtolang Dictionary","Baris Efe",/store/apps/developer?id=Baris+Efe,TRAVEL_AND_LOCAL,True,0.0,30646,2.87106919288635
"Rec. (Screen Recorder)",SPECTRL,/store/apps/developer?id=SPECTRL,MEDIA_AND_VIDEO,True,0.0,30532,3.31632375717163
"Apple Daily App","Next Mobile Limited",/store/apps/developer?id=Next+Mobile+Limited,NEWS_AND_MAGAZINES,True,0.0,30191,3.43786668777466
"WATCH ABC","ABC Digital",/store/apps/developer?id=ABC+Digital,ENTERTAINMENT,True,0.0,30097,2.95046019554138
"MEU TIM","TIM Brasil",/store/apps/developer?id=TIM+Brasil,TOOLS,True,0.0,29765,2.7673442363739
"Smart Distance","Smart Tools co.",/store/apps/dev?id=8538762079538549051,TOOLS,True,0.0,29635,3.46823024749756
"Zinio: 5000+ Digital Magazines",Zinio,/store/apps/developer?id=Zinio,NEWS_AND_MAGAZINES,True,0.0,28984,3.43672370910645
"RTL NOW","RTL interactive GmbH",/store/apps/dev?id=8810227260666285517,MEDIA_AND_VIDEO,True,0.0,28972,3.10558462142944
Mediaset,"RTI Spa",/store/apps/developer?id=RTI+Spa,ENTERTAINMENT,True,0.0,28620,3.25674343109131
"엠넷(Mnet)","CJ E&ampM",/store/apps/developer?id=CJ+E%26M,MUSIC_AND_AUDIO,True,0.0,28583,3.36390376091003
"Mo PTT","Mottx Co., Ltd.","/store/apps/developer?id=Mottx+Co.,+Ltd.",SOCIAL,True,0.0,28455,3.28750658035278
"mixi 趣味のコミュニティ","mixi, Inc.",/store/apps/dev?id=6810769518504152980,SOCIAL,True,0.0,28246,3.25569605827332
"遠通電收ETC","遠通電收",/store/apps/developer?id=%E9%81%A0%E9%80%9A%E9%9B%BB%E6%94%B6,TRANSPORTATION,True,0.0,28218,2.19859671592712
"МТС Сервис","MTS PJSC",/store/apps/developer?id=MTS+PJSC,COMMUNICATION,True,0.0,28199,3.44651341438293
"Mi Telcel","Telcel, Radiomovil Dipsa S.A. de C.V.","/store/apps/developer?id=Telcel,+Radiomovil+Dipsa+S.A.+de+C.V.",TOOLS,True,0.0,28197,3.39677977561951
"웹소설 조아라","조아라",/store/apps/developer?id=%EC%A1%B0%EC%95%84%EB%9D%BC,ENTERTAINMENT,True,0.0,28104,1.95495307445526
"Mood Scanner","Mister Borken",/store/apps/developer?id=Mister+Borken,ENTERTAINMENT,True,0.0,27989,3.35268688201904
"GREE (グリー)","GREE, Inc.","/store/apps/developer?id=GREE,+Inc.",SOCIAL,True,0.0,26913,2.65560173988342
"TV8 Yan Ekran",TV8,/store/apps/developer?id=TV8,ENTERTAINMENT,True,0.0,26595,3.22605752944946
"TWC TV®","Time Warner Cable",/store/apps/developer?id=Time+Warner+Cable,ENTERTAINMENT,True,0.0,26550,3.43762707710266
"Too Many Items FREE",KolaJp,/store/apps/developer?id=KolaJp,TOOLS,True,0.0,26523,3.11518311500549
"The Sims Magazine",Dialect,/store/apps/developer?id=Dialect,ENTERTAINMENT,True,0.0,26058,2.99850344657898
"AT&T Navigator: Maps, Traffic","Telenav, Inc.","/store/apps/developer?id=Telenav,+Inc.",TRAVEL_AND_LOCAL,True,0.0,26044,3.40220403671265
"Meta, dé Magister leerlingapp!","SchoolMaster B.V.",/store/apps/developer?id=SchoolMaster+B.V.,EDUCATION,True,0.0,25504,3.37407374382019
"Mobile ISP Service","VP Inc",/store/apps/developer?id=VP+Inc,FINANCE,True,0.0,25202,3.3955671787262
"TV Guide Mobile","TV Guide",/store/apps/developer?id=TV+Guide,ENTERTAINMENT,True,0.0,25084,3.47691750526428
"RTL XL","CLT-UFA NL",/store/apps/developer?id=CLT-UFA+NL,MEDIA_AND_VIDEO,True,0.0,25049,2.68841338157654
"XFINITY TV Remote","Comcast Interactive Media",/store/apps/developer?id=Comcast+Interactive+Media,ENTERTAINMENT,True,0.0,24577,3.2635498046875
"Hack App Data",SteelWorks,/store/apps/developer?id=SteelWorks,TOOLS,True,0.0,24350,2.97466111183167
"Maps - Minecraft PE","Wizzed Media",/store/apps/developer?id=Wizzed+Media,NEWS_AND_MAGAZINES,True,0.0,24333,3.1459333896637
"Thermometer Free",baldinio,/store/apps/developer?id=baldinio,TOOLS,True,0.0,24205,3.49436068534851
"gbaCalc Lite Decimal Calc",GBizApps.com,/store/apps/developer?id=GBizApps.com,PRODUCTIVITY,True,0.0,24139,3.35333323478699
Hockey,SpeedyMarks,/store/apps/developer?id=SpeedyMarks,SPORTS,True,0.0,23852,2.98586583137512
"Dog Whistler",Mobeezio,/store/apps/developer?id=Mobeezio,TOOLS,True,0.0,23748,3.15840768814087
"BILD App: Nachrichten und News","Axel Springer SE",/store/apps/developer?id=Axel+Springer+SE,NEWS_AND_MAGAZINES,True,0.0,23239,3.09824419021606
"Movie Maker :Best Video Studio","Best Cool Apps &amp Games",/store/apps/developer?id=Best+Cool+Apps+%26+Games,MEDIA_AND_VIDEO,True,0.0,23156,3.39151835441589
"Root all devices","HEXAMOB S.L.",/store/apps/dev?id=7930594302666456662,TOOLS,True,0.0,22996,3.26495909690857
"Get Video",Intee,/store/apps/developer?id=Intee,MEDIA_AND_VIDEO,True,0.0,22813,3.24586868286133
"PepperTap - Online Grocery",PepperTap,/store/apps/developer?id=PepperTap,SHOPPING,True,0.0,22759,3.43894720077515
"RTL INSIDE","RTL interactive GmbH",/store/apps/dev?id=8810227260666285517,ENTERTAINMENT,True,0.0,22725,3.40004396438599
"My EE",EE,/store/apps/developer?id=EE,TOOLS,True,0.0,22700,2.90039658546448
"TF: Fast Light","Nikolay Ananiev",/store/apps/developer?id=Nikolay+Ananiev,PRODUCTIVITY,True,0.0,22435,3.24724769592285
"Ryanair - Cheapest Fares","Ryanair Ltd.",/store/apps/developer?id=Ryanair+Ltd.,TRAVEL_AND_LOCAL,True,0.0,22393,2.93815040588379
"AT&T U-verse","AT&ampT Services, Inc.","/store/apps/developer?id=AT%26T+Services,+Inc.",ENTERTAINMENT,True,0.0,22380,3.31402254104614
"SAMSUNG TV & Remote (IR)","Samsung Electronics Co.,  Ltd.","/store/apps/developer?id=Samsung+Electronics+Co.,++Ltd.",TOOLS,True,0.0,22132,3.27367615699768
"PNC Mobile","PNC Bank, N.A.","/store/apps/developer?id=PNC+Bank,+N.A.",FINANCE,True,0.0,22107,3.45305633544922
"KB국민은행 스타뱅킹","KB국민은행",/store/apps/developer?id=KB%EA%B5%AD%EB%AF%BC%EC%9D%80%ED%96%89,FINANCE,True,0.0,22094,3.19254088401794
ynet,ynet,/store/apps/developer?id=ynet,NEWS_AND_MAGAZINES,True,0.0,21976,3.39628577232361
"GYAO! 無料で楽しむ動画","Yahoo Japan Corp.",/store/apps/developer?id=Yahoo+Japan+Corp.,MEDIA_AND_VIDEO,True,0.0,21591,3.2625629901886
"Windows Live Hotmail PUSH mail",Clearhub,/store/apps/developer?id=Clearhub,PRODUCTIVITY,True,0.0,21540,3.44447541236877
"Slow Motion Video","JQR APPS",/store/apps/developer?id=JQR+APPS,TOOLS,True,0.0,21452,2.85605072975159
"LG TV Remote 2011","LG Electronics, Inc.","/store/apps/developer?id=LG+Electronics,+Inc.",TOOLS,True,0.0,21144,3.47760272026062
"歌詞付き 定番音楽プレイヤー レコチョク","株式会社レコチョク",/store/apps/developer?id=%E6%A0%AA%E5%BC%8F%E4%BC%9A%E7%A4%BE%E3%83%AC%E3%82%B3%E3%83%81%E3%83%A7%E3%82%AF,MUSIC_AND_AUDIO,True,0.0,20708,3.44514203071594
"WIFI Charger Prank","You Dream It We Code It",/store/apps/developer?id=You+Dream+It+We+Code+It,TOOLS,True,0.0,20690,3.1498863697052
"Microsoft Groove","Microsoft Corporation",/store/apps/dev?id=6720847872553662727,MUSIC_AND_AUDIO,True,0.0,20611,3.48998117446899
"Change Hair Color","PIC EDITING TOOL",/store/apps/developer?id=PIC+EDITING+TOOL,PHOTOGRAPHY,True,0.0,20582,3.43061900138855
"PPTV网络电视HD","PPLive  Corporation",/store/apps/developer?id=PPLive++Corporation,MEDIA_AND_VIDEO,True,0.0,20563,3.43949413299561
"Fingerprint Lock KitKat prank","KALUM FERNANDO",/store/apps/developer?id=KALUM+FERNANDO,ENTERTAINMENT,True,0.0,20316,3.21697187423706
"Mr.& Ms. Smith","Yudo inc",/store/apps/developer?id=Yudo+inc,SOCIAL,True,0.0,20313,3.16477131843567
"CAIXA para Tablets","Caixa Econômica Federal",/store/apps/developer?id=Caixa+Econ%C3%B4mica+Federal,FINANCE,True,0.0,20234,3.29030346870422
Yo,"Life Before Us LLC",/store/apps/developer?id=Life+Before+Us+LLC,SOCIAL,True,0.0,19820,3.37926340103149
"McDonald’s Deutschland","McDonald's Deutschland Inc.","/store/apps/developer?id=McDonald's+Deutschland+Inc.",LIFESTYLE,True,0.0,19775,3.00859665870667
"테마키보드 - 1만종 무료테마 (폰테마샵 키보드 2)","Wizard Works Inc.",/store/apps/dev?id=7974963495950671172,PERSONALIZATION,True,0.0,19713,3.00030446052551
"Globosat Play – Filmes e TV",Globosat,/store/apps/developer?id=Globosat,ENTERTAINMENT,True,0.0,19324,3.42128968238831
"Visual Voice Mail","Verizon - VZ",/store/apps/developer?id=Verizon+-+VZ,COMMUNICATION,True,0.0,19225,2.81374835968018
"삼성뮤직","Samsung Electronics Co.,  Ltd.","/store/apps/developer?id=Samsung+Electronics+Co.,++Ltd.",MUSIC_AND_AUDIO,True,0.0,19164,3.23585891723633
"Okko Фильмы",Okko,/store/apps/developer?id=Okko,MEDIA_AND_VIDEO,True,0.0,19104,3.46733665466309
"搜狐视频-免费高清美剧电影视频播放器","搜狐视频",/store/apps/developer?id=%E6%90%9C%E7%8B%90%E8%A7%86%E9%A2%91,MEDIA_AND_VIDEO,True,0.0,18890,3.3546507358551
"PocketMine Server",KolaJp,/store/apps/developer?id=KolaJp,TOOLS,True,0.0,18846,3.35461115837097
"Texture Packs - Minecraft PE","Wizzed Media",/store/apps/developer?id=Wizzed+Media,NEWS_AND_MAGAZINES,True,0.0,18764,3.03965044021606
"Recover Wifi Password",FreeApps4all,/store/apps/developer?id=FreeApps4all,TOOLS,True,0.0,18737,3.33463191986084
"Screenshot Free","Wise Shark Software",/store/apps/developer?id=Wise+Shark+Software,TOOLS,True,0.0,18487,3.14339804649353
"LINE MUSIC（ラインミュージック）","LINE MUSIC",/store/apps/developer?id=LINE+MUSIC,MUSIC_AND_AUDIO,True,0.0,18346,3.39932417869568
"Mi Orange","Orange Spain",/store/apps/developer?id=Orange+Spain,TOOLS,True,0.0,18280,3.35694742202759
"HTC Camera","HTC Corporation",/store/apps/dev?id=5004076646959370987,PHOTOGRAPHY,True,0.0,18266,3.41459536552429
"OWA for Android (Pre-Release)","Microsoft Corporation",/store/apps/dev?id=6720847872553662727,COMMUNICATION,True,0.0,18140,2.94812560081482
"Thuglife Video Maker",SebSob,/store/apps/developer?id=SebSob,ENTERTAINMENT,True,0.0,18111,3.42791676521301
Pass,"Sony Mobile Communications",/store/apps/developer?id=Sony+Mobile+Communications,ENTERTAINMENT,True,0.0,17990,3.28810453414917
"Money Network® Mobile App","First Data Corporation",/store/apps/developer?id=First+Data+Corporation,FINANCE,True,0.0,17960,3.33502221107483
"U+ 고객센터","LG유플러스(LG Uplus Corporation)",/store/apps/developer?id=LG%EC%9C%A0%ED%94%8C%EB%9F%AC%EC%8A%A4(LG+Uplus+Corporation),LIFESTYLE,True,0.0,17827,3.43621969223022
TIMmusic,"Telecom Italia S.p.a.",/store/apps/developer?id=Telecom+Italia+S.p.a.,MUSIC_AND_AUDIO,True,0.0,17506,3.44544720649719
"Slow Motion Video Player 2.0","JQR APPS",/store/apps/developer?id=JQR+APPS,TOOLS,True,0.0,17493,3.09003591537476
"How Old Do I Look Camera","Insa Softtech Studio",/store/apps/developer?id=Insa+Softtech+Studio,PHOTOGRAPHY,True,0.0,17272,3.15684342384338
"Mediaset on demand","RTI Spa",/store/apps/developer?id=RTI+Spa,MEDIA_AND_VIDEO,True,0.0,17070,3.46678376197815
Prip,"Nextel International (Services) Ltd.",/store/apps/developer?id=Nextel+International+(Services)+Ltd.,COMMUNICATION,True,0.0,17051,3.41798138618469
Trenitalia,"Trenitalia S.p.A",/store/apps/developer?id=Trenitalia+S.p.A,TRANSPORTATION,True,0.0,16618,3.49741244316101
"7digital Music Store",7digital,/store/apps/developer?id=7digital,MUSIC_AND_AUDIO,True,0.0,16590,3.41425037384033
"VakıfBank Mobil Bankacılık","VakıfBank",/store/apps/developer?id=Vak%C4%B1fBank,FINANCE,True,0.0,16503,3.4243471622467
"AT&T Messages","AT&ampT Services, Inc.","/store/apps/developer?id=AT%26T+Services,+Inc.",COMMUNICATION,True,0.0,16441,3.1749894618988
"Camera Translator",AugmReal,/store/apps/developer?id=AugmReal,TOOLS,True,0.0,16406,3.15085935592651
"Video Slow Motion Player",mnsquare,/store/apps/developer?id=mnsquare,MEDIA_AND_VIDEO,True,0.0,16350,3.02403664588928
"Voice Lie Detector Prank","ExaMobile S.A.",/store/apps/developer?id=ExaMobile+S.A.,ENTERTAINMENT,True,0.0,16309,3.27242636680603
"Meetic - La Rencontre","Meetic SA",/store/apps/developer?id=Meetic+SA,SOCIAL,True,0.0,16168,3.27900791168213
"Citrix Receiver","Citrix Systems, Inc","/store/apps/developer?id=Citrix+Systems,+Inc",BUSINESS,True,0.0,16162,3.13466668128967
NET,"NET SERVIÇOS DE COMUNICAÇÃO S/A",/store/apps/developer?id=NET+SERVI%C3%87OS+DE+COMUNICA%C3%87%C3%83O+S/A,ENTERTAINMENT,True,0.0,16145,3.30387115478516
"麥當勞鬧鐘","McDonald's Restaurants (Taiwan) Co., Ltd.","/store/apps/developer?id=McDonald's+Restaurants+(Taiwan)+Co.,+Ltd.",LIFESTYLE,True,0.0,16013,3.45794034004211
"hoppin(호핀) - 스마트폰 버전",hoppin,/store/apps/developer?id=hoppin,MEDIA_AND_VIDEO,True,0.0,15966,3.47757744789124
"티빙(tving) - 실시간TV,방송VOD,영화VOD","CJ HelloVision",/store/apps/developer?id=CJ+HelloVision,MEDIA_AND_VIDEO,True,0.0,15962,3.29235100746155
"Scorp - Watch","Scorp Inc.",/store/apps/developer?id=Scorp+Inc.,SOCIAL,True,0.0,15886,2.98432588577271
"Thermal Camera HD Effect",UsefullApps,/store/apps/developer?id=UsefullApps,ENTERTAINMENT,True,0.0,15793,3.2275059223175
SFilm,Motiwe,/store/apps/developer?id=Motiwe,MEDIA_AND_VIDEO,True,0.0,15478,3.46039533615112
MinhaClaro,"Claro Brasil",/store/apps/developer?id=Claro+Brasil,BUSINESS,True,0.0,15464,3.15002584457397
"Cydia Substrate","SaurikIT, LLC","/store/apps/developer?id=SaurikIT,+LLC",PERSONALIZATION,True,0.0,15417,2.97340607643127
"TVB fun","Television Broadcasts Limited",/store/apps/developer?id=Television+Broadcasts+Limited,ENTERTAINMENT,True,0.0,15210,2.9570677280426
"E-Okul Öğrenci - MEB","CXM SOFTWARE",/store/apps/developer?id=CXM+SOFTWARE,EDUCATION,True,0.0,15001,3.40537285804749
"Avia Media Player (Chromecast)","Videon Central, Inc.","/store/apps/developer?id=Videon+Central,+Inc.",MEDIA_AND_VIDEO,True,0.0,14966,3.22277164459229
"Word To Text",esse.vn,/store/apps/developer?id=esse.vn,TOOLS,True,0.0,14942,3.43113374710083
"Fingerprint Lockscreen Sim","Ape Widgets",/store/apps/developer?id=Ape+Widgets,ENTERTAINMENT,True,0.0,14926,3.30678009986877
"Camera 3D","Application Technology Company Limited",/store/apps/developer?id=Application+Technology+Company+Limited,PHOTOGRAPHY,True,0.0,14914,3.4610424041748
"Digiturk Play",Digiturk,/store/apps/developer?id=Digiturk,MEDIA_AND_VIDEO,True,0.0,14731,3.47973656654358
"Seeds - Minecraft PE","Wizzed Media",/store/apps/developer?id=Wizzed+Media,NEWS_AND_MAGAZINES,True,0.0,14684,3.29590034484863
"ZombiePeak Minecraft Wallpaper","Otter Studios",/store/apps/developer?id=Otter+Studios,PERSONALIZATION,True,0.0,14610,3.25523614883423
"Music Flute","Win Power Apps",/store/apps/developer?id=Win+Power+Apps,ENTERTAINMENT,True,0.0,14580,2.96234560012817
Microphone,"Gaz Davidson",/store/apps/developer?id=Gaz+Davidson,TOOLS,True,0.0,14549,3.40567851066589
"myMusic 線上音樂","Taiwan Kuro Times Co.,Ltd.","/store/apps/developer?id=Taiwan+Kuro+Times+Co.,Ltd.",MUSIC_AND_AUDIO,True,0.0,14448,3.47459864616394
"모바일티머니(SKT사용자용)","(주) 한국스마트카드",/store/apps/developer?id=(%EC%A3%BC)+%ED%95%9C%EA%B5%AD%EC%8A%A4%EB%A7%88%ED%8A%B8%EC%B9%B4%EB%93%9C,TRANSPORTATION,True,0.0,14421,2.86048126220703
Bluetooth,Appventions,/store/apps/developer?id=Appventions,PRODUCTIVITY,True,0.0,14389,2.98853302001953
"AT&T FamilyMap™","AT&ampT Services, Inc.","/store/apps/developer?id=AT%26T+Services,+Inc.",TOOLS,True,0.0,14384,3.23317575454712
"SFR WiFi",SFR,/store/apps/developer?id=SFR,TOOLS,True,0.0,14382,3.35226559638977
"Super Status Bar",FireZenk,/store/apps/developer?id=FireZenk,PERSONALIZATION,True,0.0,14322,3.18880033493042
"mora ～WALKMAN®公式ミュージックストア～","LabelGate Co.,Ltd.","/store/apps/developer?id=LabelGate+Co.,Ltd.",MUSIC_AND_AUDIO,True,0.0,14306,2.62295079231262
"ヤマダ電機　ケイタイde安心","Nihon Unisys, Ltd.","/store/apps/developer?id=Nihon+Unisys,+Ltd.",SHOPPING,True,0.0,14264,3.07374405860901
"Couple Vow","(주)애펙스",/store/apps/developer?id=(%EC%A3%BC)%EC%95%A0%ED%8E%99%EC%8A%A4,SOCIAL,True,0.0,14201,3.33891987800598
"Michaels Stores","Michaels Stores, Inc.","/store/apps/developer?id=Michaels+Stores,+Inc.",LIFESTYLE,True,0.0,14168,3.46700072288513
"DJ Music Pad",RuviApps,/store/apps/developer?id=RuviApps,ENTERTAINMENT,True,0.0,14144,3.32840776443481
RTkabinet,"Ростелеком",/store/apps/developer?id=%D0%A0%D0%BE%D1%81%D1%82%D0%B5%D0%BB%D0%B5%D0%BA%D0%BE%D0%BC,COMMUNICATION,True,0.0,14142,3.49533295631409
TIDAL,TIDAL,/store/apps/dev?id=7232115040412978558,MUSIC_AND_AUDIO,True,0.0,13989,3.45028233528137
"TopApps – die besten Apps","Telekom Deutschland GmbH",/store/apps/developer?id=Telekom+Deutschland+GmbH,LIFESTYLE,True,0.0,13972,2.60273480415344
"Skin Avatar for Minecraft",Saranomy,/store/apps/dev?id=4965529572701357445,TOOLS,True,0.0,13935,3.43516325950623
"Crunchyroll Manga","Crunchyroll Inc.",/store/apps/developer?id=Crunchyroll+Inc.,COMICS,True,0.0,13906,3.46059250831604
"Undeleter Recover Files & Data",Fahrbot,/store/apps/developer?id=Fahrbot,TOOLS,True,0.0,13832,3.30798149108887
"Good for Enterprise™","Good Technology",/store/apps/developer?id=Good+Technology,PRODUCTIVITY,True,0.0,13706,3.05258917808533
"Secret Video Recorder","KTS Solution",/store/apps/developer?id=KTS+Solution,TOOLS,True,0.0,13704,3.49387049674988
BimboBooth,"PiVi &amp Co",/store/apps/developer?id=PiVi+%26+Co,ENTERTAINMENT,True,0.0,13676,3.48076915740967
WATCHEVER,"WATCHEVER GmbH",/store/apps/developer?id=WATCHEVER+GmbH,MEDIA_AND_VIDEO,True,0.0,13628,3.28749632835388
Octopus,"Octopus Cards Limited",/store/apps/developer?id=Octopus+Cards+Limited,TOOLS,True,0.0,13553,3.36508512496948
Blippar,Blippar,/store/apps/developer?id=Blippar,ENTERTAINMENT,True,0.0,13553,3.35792803764343
"Virgin TV Anywhere","Virgin Media",/store/apps/developer?id=Virgin+Media,ENTERTAINMENT,True,0.0,13523,3.36826157569885
"Stopwatch and Timer",bmssoftware,/store/apps/developer?id=bmssoftware,TOOLS,True,0.0,13293,3.1936936378479
"Free Wifi",Castetor,/store/apps/developer?id=Castetor,TOOLS,True,0.0,13275,3.25122404098511
MyRogers,"Rogers Communications Inc.",/store/apps/developer?id=Rogers+Communications+Inc.,TOOLS,True,0.0,13226,3.21066999435425
"OI Voice Notes",OpenIntents,/store/apps/developer?id=OpenIntents,LIBRARIES_AND_DEMO,True,0.0,13154,3.47199177742004
"MTV Katsomo",MTV3,/store/apps/developer?id=MTV3,MEDIA_AND_VIDEO,True,0.0,13149,3.47425651550293
"土豆-电视剧电影动漫游戏音乐娱乐影视搞笑体育新闻视频播放器","优酷土豆集团",/store/apps/developer?id=%E4%BC%98%E9%85%B7%E5%9C%9F%E8%B1%86%E9%9B%86%E5%9B%A2,MEDIA_AND_VIDEO,True,0.0,13106,2.97840023040771
"MTV NEXT","MTV Italy",/store/apps/developer?id=MTV+Italy,MEDIA_AND_VIDEO,True,0.0,13100,3.17770981788635
"Bing on VZW","Microsoft Corporation",/store/apps/dev?id=6720847872553662727,BOOKS_AND_REFERENCE,True,0.0,13076,3.37668514251709
"충전/결제 모듈","(주)티모넷",/store/apps/developer?id=(%EC%A3%BC)%ED%8B%B0%EB%AA%A8%EB%84%B7,LIFESTYLE,True,0.0,13052,3.24195528030396
"SIMSme – Your secure messenger","Deutsche Post DHL",/store/apps/developer?id=Deutsche+Post+DHL,SOCIAL,True,0.0,13033,3.46535706520081
"小説・コミック E★エブリスタ","EVERYSTAR Co., Ltd.","/store/apps/developer?id=EVERYSTAR+Co.,+Ltd.",COMICS,True,0.0,13003,3.38040637969971
"755（ナナゴーゴー）-新世代トークアプリ-","7gogo, Inc.","/store/apps/developer?id=7gogo,+Inc.",ENTERTAINMENT,True,0.0,12943,3.09904956817627
"Vodafone Music Shop","Vodafone GmbH",/store/apps/developer?id=Vodafone+GmbH,ENTERTAINMENT,True,0.0,12904,2.52997756004334
"KPN iTV Online",KPN,/store/apps/developer?id=KPN,MEDIA_AND_VIDEO,True,0.0,12901,3.41647934913635
MP3Tube,"Angel Tech",/store/apps/developer?id=Angel+Tech,MEDIA_AND_VIDEO,True,0.0,12856,3.07039523124695
"Tuippuru for Android(Twitter)","BIGLOBE Inc.",/store/apps/developer?id=BIGLOBE+Inc.,SOCIAL,True,0.0,12846,3.40500116348267
NBC,"NBCUniversal Media, LLC","/store/apps/developer?id=NBCUniversal+Media,+LLC",ENTERTAINMENT,True,0.0,12822,3.45453119277954
"WATCH ABC Family","ABC Family",/store/apps/developer?id=ABC+Family,ENTERTAINMENT,True,0.0,12786,3.20592832565308
"Extension Vidéos",e-TF1,/store/apps/developer?id=e-TF1,MEDIA_AND_VIDEO,True,0.0,12702,2.81711530685425
"KMB & LW",KMB,/store/apps/developer?id=KMB,TRAVEL_AND_LOCAL,True,0.0,12693,3.31678867340088
"Hair Styles Step by step","BLST INC",/store/apps/developer?id=BLST+INC,LIFESTYLE,True,0.0,12683,3.39407086372375
Kundencenter,"Telekom Deutschland GmbH",/store/apps/developer?id=Telekom+Deutschland+GmbH,COMMUNICATION,True,0.0,12612,3.40635895729065
"No Root Screen Recorder-Trial",Hiandroidstudio,/store/apps/developer?id=Hiandroidstudio,TOOLS,True,0.0,12474,2.49951910972595
"신한카드",SHINHANCARD,/store/apps/developer?id=SHINHANCARD,FINANCE,True,0.0,12444,3.43148159980774
"FM Player",TuneWiki,/store/apps/developer?id=TuneWiki,MUSIC_AND_AUDIO,True,0.0,12412,3.03238797187805
"RTL Most","RTL Magyarország",/store/apps/developer?id=RTL+Magyarorsz%C3%A1g,ENTERTAINMENT,True,0.0,12362,3.47128295898438
"Real Organ",taklasoft,/store/apps/developer?id=taklasoft,ENTERTAINMENT,True,0.0,12344,3.45617294311523
"ESPN Radio","ESPN Inc",/store/apps/developer?id=ESPN+Inc,SPORTS,True,0.0,12320,3.24001622200012
"Билайн ТВ","ПАО ""Вымпел��ом""",/store/apps/developer?id=%D0%9F%D0%90%D0%9E+%22%D0%92%D1%8B%D0%BC%D0%BF%D0%B5%D0%BB%D0%9A%D0%BE%D0%BC%22,ENTERTAINMENT,True,0.0,12301,3.44069576263428
"Gran Hermano 2015","Telinfor S.A",/store/apps/developer?id=Telinfor+S.A,ENTERTAINMENT,True,0.0,12290,3.22709512710571
"Launch Day App The Sims 4","EGM Media, LLC","/store/apps/developer?id=EGM+Media,+LLC",NEWS_AND_MAGAZINES,True,0.0,12276,2.58040070533752
"SFR Répondeur +",SFR,/store/apps/developer?id=SFR,COMMUNICATION,True,0.0,12264,3.48987579345703
"T-Mobile TV with Mobile HD","T-Mobile USA",/store/apps/developer?id=T-Mobile+USA,MEDIA_AND_VIDEO,True,0.0,12229,3.39545345306396
"MPC Vol.5 BeatMaker","Big Apps",/store/apps/developer?id=Big+Apps,MUSIC_AND_AUDIO,True,0.0,12104,3.38417053222656
"Emoji font for galaxy S3 & S2","Small-world Co., Ltd.","/store/apps/developer?id=Small-world+Co.,+Ltd.",TOOLS,True,0.0,12037,3.1961452960968
"Timescape™ Facebook extension","Sony Mobile Communications",/store/apps/developer?id=Sony+Mobile+Communications,SOCIAL,True,0.0,11977,3.48108863830566
"francetv pluzz","France Télévisions",/store/apps/developer?id=France+T%C3%A9l%C3%A9visions,MEDIA_AND_VIDEO,True,0.0,11905,3.37480044364929
"Claro Música","Telcel, Radiomovil Dipsa S.A. de C.V.","/store/apps/developer?id=Telcel,+Radiomovil+Dipsa+S.A.+de+C.V.",MUSIC_AND_AUDIO,True,0.0,11855,3.34626746177673
"Hexamob Recovery","HEXAMOB S.L.",/store/apps/dev?id=7930594302666456662,TOOLS,True,0.0,11791,3.01450252532959
"레진코믹스 - 매일 무료 웹툰 / 만화","LEZHIN ENTERTAINMENT",/store/apps/developer?id=LEZHIN+ENTERTAINMENT,COMICS,True,0.0,11768,3.42862010002136
"우리은행 원터치개인뱅킹",WooriBank,/store/apps/developer?id=WooriBank,FINANCE,True,0.0,11747,3.46624660491943
"Ice Cream Maker: Cooking Games","Games for Kids Free",/store/apps/developer?id=Games+for+Kids+Free,EDUCATION,True,0.0,11668,3.47257447242737
"Yelo Play",Telenet,/store/apps/developer?id=Telenet,MEDIA_AND_VIDEO,True,0.0,11635,3.03111290931702
VZ-Netzwerke,"Poolworks (Germany) Ltd.",/store/apps/developer?id=Poolworks+(Germany)+Ltd.,SOCIAL,True,0.0,11627,3.45280742645264
"ゲオ","株式会社 ゲオ",/store/apps/developer?id=%E6%A0%AA%E5%BC%8F%E4%BC%9A%E7%A4%BE+%E3%82%B2%E3%82%AA,ENTERTAINMENT,True,0.0,11610,3.24315237998962
Lockscreen,"Holaverse Group",/store/apps/developer?id=Holaverse+Group,TOOLS,True,0.0,11601,3.38608741760254
"Mes Offres - Pôle emploi","Pôle emploi",/store/apps/developer?id=P%C3%B4le+emploi,BUSINESS,True,0.0,11598,3.3110020160675
"McDonald's España","McDonald's Sistema de España","/store/apps/developer?id=McDonald's+Sistema+de+Espa%C3%B1a",LIFESTYLE,True,0.0,11569,2.99031901359558
"Play Piano",helenasoft,/store/apps/developer?id=helenasoft,ENTERTAINMENT,True,0.0,11542,3.21885299682617
"DeadWoods Minecraft Wallpaper","Otter Studios",/store/apps/developer?id=Otter+Studios,PERSONALIZATION,True,0.0,11530,3.35533380508423
"신한카드 - 신한 앱카드(간편결제)",SHINHANCARD,/store/apps/developer?id=SHINHANCARD,FINANCE,True,0.0,11530,3.4166522026062
"Volume+ FREE",Meltus,/store/apps/developer?id=Meltus,TOOLS,True,0.0,11514,3.43746733665466
"Monster Jobs","Monster Worldwide",/store/apps/developer?id=Monster+Worldwide,BUSINESS,True,0.0,11506,3.32782888412476
"Wiimote Controller","C.C.P. Cre@ions",/store/apps/developer?id=C.C.P.+Cre@ions,TOOLS,True,0.0,11488,3.31859183311462
"HRS App","HRS Hotel Reservation Service",/store/apps/developer?id=HRS+Hotel+Reservation+Service,TRAVEL_AND_LOCAL,True,0.0,11405,2.63439440727234
"Sliding Emoji Keyboard - iOS","Klinker Apps",/store/apps/dev?id=6337185423976596164,TOOLS,True,0.0,11394,2.78822183609009
"Facial & Ocular Lie Detector",Enrasoft,/store/apps/dev?id=4898984495339363497,ENTERTAINMENT,True,0.0,11369,3.26768112182617
"Games & apps","Sony Mobile Communications",/store/apps/developer?id=Sony+Mobile+Communications,SOCIAL,True,0.0,11363,2.59781742095947
"MTR Mobile","MTR Corporation Limited",/store/apps/developer?id=MTR+Corporation+Limited,TRAVEL_AND_LOCAL,True,0.0,11343,3.34999561309814
"au Wi-Fi接続ツール(〜2015春モデル)","KDDI株式会社",/store/apps/developer?id=KDDI%E6%A0%AA%E5%BC%8F%E4%BC%9A%E7%A4%BE,TOOLS,True,0.0,11277,2.62401342391968
"Saraiva Reader",Saraiva,/store/apps/developer?id=Saraiva,BOOKS_AND_REFERENCE,True,0.0,11247,3.34276056289673
"Русский караоке","Gyro Games, Inc.","/store/apps/developer?id=Gyro+Games,+Inc.",ENTERTAINMENT,True,0.0,11194,2.83026623725891
"Censored Camera[Photo Editor]","TACOTY PH code",/store/apps/developer?id=TACOTY+PH+code,PHOTOGRAPHY,True,0.0,11190,3.44888281822205
"Free Wifi Pass",fondev,/store/apps/developer?id=fondev,TOOLS,True,0.0,11146,3.06594300270081
"Motion Camera",Fingersoft,/store/apps/developer?id=Fingersoft,PHOTOGRAPHY,True,0.0,11118,3.47391605377197
"Play Tube","HariSoft, jnc","/store/apps/developer?id=HariSoft,+jnc",MUSIC_AND_AUDIO,True,0.0,11049,3.37559962272644
"Stickfigure Animator",D-MAP,/store/apps/developer?id=D-MAP,ENTERTAINMENT,True,0.0,11034,3.34547758102417
"Easy banking","BNP Paribas Fortis",/store/apps/developer?id=BNP+Paribas+Fortis,FINANCE,True,0.0,10995,3.44720315933228
"Car Key Simulator FREE","Torx Entertainment",/store/apps/developer?id=Torx+Entertainment,TRANSPORTATION,True,0.0,10939,3.45982265472412
"Video Collage - Video editor","ANDROID PIXELS",/store/apps/developer?id=ANDROID+PIXELS,PHOTOGRAPHY,True,0.0,10906,3.43618202209473
Letv,"乐视",/store/apps/developer?id=%E4%B9%90%E8%A7%86,MEDIA_AND_VIDEO,True,0.0,10882,3.47085857391357
"FOX Sports GO","FOX Sports Interactive",/store/apps/developer?id=FOX+Sports+Interactive,SPORTS,True,0.0,10869,2.96549820899963
FXNOW,"FX Network LLC",/store/apps/developer?id=FX+Network+LLC,ENTERTAINMENT,True,0.0,10847,3.15202355384827
"Draw and Paint","Mindistic Software",/store/apps/developer?id=Mindistic+Software,PHOTOGRAPHY,True,0.0,10834,3.49141597747803
"mako mobile","Keshet Broadcasting Ltd.",/store/apps/developer?id=Keshet+Broadcasting+Ltd.,NEWS_AND_MAGAZINES,True,0.0,10823,3.45569610595703
"VG 기업용 Web SDK","Infraware Technology, Inc","/store/apps/developer?id=Infraware+Technology,+Inc",LIBRARIES_AND_DEMO,True,0.0,10820,3.15583324432373
maxdome,"maxdome GmbH",/store/apps/dev?id=5718529352458873946,ENTERTAINMENT,True,0.0,10804,3.18363571166992
"Piclay - Photo Editor","Q and P Applications Pty Ltd",/store/apps/developer?id=Q+and+P+Applications+Pty+Ltd,PHOTOGRAPHY,True,0.0,10769,3.2810845375061
"Bluetooth settings shortcut",AsianProGamer,/store/apps/dev?id=6292192026101034724,TOOLS,True,0.0,10768,3.35029721260071
"テレビ局公認!タレント出演情報満載-Gガイド番組表(ドコモ)","IPG Inc.",/store/apps/developer?id=IPG+Inc.,MEDIA_AND_VIDEO,True,0.0,10676,3.06819033622742
"Screenshot It Trial","Edward Kim",/store/apps/developer?id=Edward+Kim,TOOLS,True,0.0,10635,3.10221457481384
"Media Studio","Kaushal Kumar Agrawal",/store/apps/developer?id=Kaushal+Kumar+Agrawal,MEDIA_AND_VIDEO,True,0.0,10623,3.48893904685974
"Dog Whistle",CreativeOne,/store/apps/developer?id=CreativeOne,TOOLS,True,0.0,10563,2.74230813980103
"터치엔 엠백신 for Web(기업용)","라온시큐어(주)",/store/apps/developer?id=%EB%9D%BC%EC%98%A8%EC%8B%9C%ED%81%90%EC%96%B4(%EC%A3%BC),FINANCE,True,0.0,10562,2.63056230545044
"20 Minutes","20 Minutes",/store/apps/developer?id=20+Minutes,NEWS_AND_MAGAZINES,True,0.0,10531,3.47862839698792
Drawing,PAITER,/store/apps/developer?id=PAITER,ENTERTAINMENT,True,0.0,10525,3.49947738647461
"Stress Check by Azumio","Azumio Inc.",/store/apps/developer?id=Azumio+Inc.,HEALTH_AND_FITNESS,True,0.0,10524,3.49961996078491
"Peek Icon Pack","Jack Donegan",/store/apps/developer?id=Jack+Donegan,PERSONALIZATION,True,0.0,10494,3.43586802482605
"Eurosport Player",Eurosport,/store/apps/developer?id=Eurosport,MEDIA_AND_VIDEO,True,0.0,10456,3.10252475738525
"IKEA Store",IKEA,/store/apps/developer?id=IKEA,LIFESTYLE,True,0.0,10409,3.40974164009094
Transfermarkt,"Transfermarkt GmbH &amp Co. KG",/store/apps/developer?id=Transfermarkt+GmbH+%26+Co.+KG,SPORTS,True,0.0,10386,3.42586183547974
"Minarch for Zooper Widget",spncrmoo,/store/apps/developer?id=spncrmoo,PERSONALIZATION,True,0.0,10367,3.21539497375488
"Watch TNT",TBS,/store/apps/developer?id=TBS,MEDIA_AND_VIDEO,True,0.0,10345,3.17467379570007
"Stop Watch Timer",Bratag,/store/apps/developer?id=Bratag,TOOLS,True,0.0,10312,3.4442675113678
"Media Markt Deutschland","Media Markt E-Business GmbH",/store/apps/developer?id=Media+Markt+E-Business+GmbH,SHOPPING,True,0.0,10306,3.44129633903503
"Whats Ghost","WiQuiet Apps",/store/apps/developer?id=WiQuiet+Apps,TOOLS,True,0.0,10228,3.4716465473175
"Voice Training - Learn To Sing","Learn To Master",/store/apps/dev?id=6309454660779365011,EDUCATION,True,0.0,10210,3.34877562522888
"Halkbank Mobile Banking","T. HALK BANKASI A.S.",/store/apps/developer?id=T.+HALK+BANKASI+A.S.,FINANCE,True,0.0,10179,1.93987619876862
"TS3 Remote","TeamSpeak Systems GmbH",/store/apps/developer?id=TeamSpeak+Systems+GmbH,COMMUNICATION,True,0.0,10161,2.73211288452148
"스마트DMB - 실시간 TV 시청","OMNITEL. Inc.",/store/apps/developer?id=OMNITEL.+Inc.,MEDIA_AND_VIDEO,True,0.0,10142,3.40297770500183
"Sprint TV & Movies",MobiTV,/store/apps/developer?id=MobiTV,ENTERTAINMENT,True,0.0,10028,2.82349419593811
"Plugin:LG v1.0","RSUPPORT Co., Ltd.",/store/apps/dev?id=9097879719032268880,PRODUCTIVITY,True,0.0,9897,3.12165307998657
"おサイフケータイ アプリ","FeliCa Networks, Inc.","/store/apps/developer?id=FeliCa+Networks,+Inc.",TOOLS,True,0.0,9889,3.34624338150024
"FriendScout24 – Flirt & Dating","FriendScout24 GmbH",/store/apps/developer?id=FriendScout24+GmbH,SOCIAL,True,0.0,9888,3.11003232002258
"Camera Dead Radar","Limonland Apps",/store/apps/developer?id=Limonland+Apps,ENTERTAINMENT,True,0.0,9871,3.42032217979431
"UNIQLOアプリ","UNIQLO CO., LTD.","/store/apps/developer?id=UNIQLO+CO.,+LTD.",LIFESTYLE,True,0.0,9865,3.44723773002625
"Photo Face Makeup",Dexati,/store/apps/developer?id=Dexati,PHOTOGRAPHY,True,0.0,9848,3.14236402511597
"Warp My Face: Fun Photo Editor","Kaufcom Games Apps Widgets",/store/apps/developer?id=Kaufcom+Games+Apps+Widgets,LIFESTYLE,True,0.0,9828,3.36263728141785
"Omega StatusBar","Team Syndicate",/store/apps/developer?id=Team+Syndicate,PERSONALIZATION,True,0.0,9802,3.1910834312439
"Westpac Mobile Banking","Westpac Banking Corporation",/store/apps/developer?id=Westpac+Banking+Corporation,FINANCE,True,0.0,9797,3.41798520088196
SpiceJet,"SpiceJet Limited",/store/apps/developer?id=SpiceJet+Limited,TRAVEL_AND_LOCAL,True,0.0,9739,3.30598616600037
"LG TV SmartShare-webOS","LG Electronics Mobile",/store/apps/developer?id=LG+Electronics+Mobile,MEDIA_AND_VIDEO,True,0.0,9723,3.36336517333984
"Testes todateen","Editora Alto Astral LTDA",/store/apps/developer?id=Editora+Alto+Astral+LTDA,ENTERTAINMENT,True,0.0,9702,3.37621116638184
"Dog Teaser",Dexati,/store/apps/developer?id=Dexati,ENTERTAINMENT,True,0.0,9699,3.1361997127533
LAWSON,"Lawson, Inc.","/store/apps/developer?id=Lawson,+Inc.",LIFESTYLE,True,0.0,9698,3.43668794631958
"iVysílání České televize","Česká televize",/store/apps/developer?id=%C4%8Cesk%C3%A1+televize,MEDIA_AND_VIDEO,True,0.0,9658,3.30658531188965
"Tivibu (Cep)","TTNET A.S.",/store/apps/developer?id=TTNET+A.S.,MEDIA_AND_VIDEO,True,0.0,9614,3.31030893325806
Misfit,"Misfit Wearables Corporation",/store/apps/developer?id=Misfit+Wearables+Corporation,HEALTH_AND_FITNESS,True,0.0,9575,2.90579628944397
"IR Remote Control","Johan Westling",/store/apps/developer?id=Johan+Westling,ENTERTAINMENT,True,0.0,9537,3.18800473213196
"Plastic Surgery","Mobile Apps Developers",/store/apps/developer?id=Mobile+Apps+Developers,PHOTOGRAPHY,True,0.0,9526,3.35376858711243
"LTE비디오포털 – 실시간 TV, TV다시보기,영화","LG유플러스(LG Uplus Corporation)",/store/apps/developer?id=LG%EC%9C%A0%ED%94%8C%EB%9F%AC%EC%8A%A4(LG+Uplus+Corporation),MEDIA_AND_VIDEO,True,0.0,9516,3.21973514556885
"Aircel App","Aircel Ltd",/store/apps/developer?id=Aircel+Ltd,PRODUCTIVITY,True,0.0,9469,3.40321040153503
"Draw On Pictures",Dexati,/store/apps/developer?id=Dexati,ENTERTAINMENT,True,0.0,9467,3.02789235115051
"Makeup Genius","L'Oréal SA","/store/apps/developer?id=L'Or%C3%A9al+SA",LIFESTYLE,True,0.0,9435,2.82363533973694
"Polar Flow - Activity & Sports","Polar Electro",/store/apps/developer?id=Polar+Electro,HEALTH_AND_FITNESS,True,0.0,9356,3.16160750389099
"Movie Maker","Mobile Apps Developers",/store/apps/developer?id=Mobile+Apps+Developers,MEDIA_AND_VIDEO,True,0.0,9331,2.94587922096252
Infinity,"RTI Spa",/store/apps/developer?id=RTI+Spa,MEDIA_AND_VIDEO,True,0.0,9313,3.23225593566895
"LG U+ 티머니 (LG U+USIM 전용)","LG유플러스(LG Uplus Corporation)",/store/apps/developer?id=LG%EC%9C%A0%ED%94%8C%EB%9F%AC%EC%8A%A4(LG+Uplus+Corporation),TRANSPORTATION,True,0.0,9271,2.63574576377869
"Mobage（モバゲー）","DeNA Co., Ltd.",/store/apps/dev?id=5614074995304947897,SOCIAL,True,0.0,9271,2.99870562553406
"Virtual Cigarette",Dexati,/store/apps/developer?id=Dexati,ENTERTAINMENT,True,0.0,9226,3.12995886802673
"Magister 6","SchoolMaster B.V.",/store/apps/developer?id=SchoolMaster+B.V.,EDUCATION,True,0.0,9175,2.47367858886719
"FUNimation Free","Phunware, Inc.","/store/apps/developer?id=Phunware,+Inc.",ENTERTAINMENT,True,0.0,9153,3.45209217071533
"Demand 5","Channel Five",/store/apps/developer?id=Channel+Five,ENTERTAINMENT,True,0.0,9053,3.21484589576721
"Recarga TIM","TIM Brasil",/store/apps/developer?id=TIM+Brasil,TOOLS,True,0.0,9017,3.14838647842407
"ЖД билеты","UFS ltd.",/store/apps/developer?id=UFS+ltd.,TRAVEL_AND_LOCAL,True,0.0,8973,3.43931794166565
"Kiss Me! Lip Kissing Test Game","Top Trending Apps",/store/apps/developer?id=Top+Trending+Apps,LIFESTYLE,True,0.0,8954,2.88597273826599
"Mi Cuenta","Movistar Argentina",/store/apps/developer?id=Movistar+Argentina,COMMUNICATION,True,0.0,8902,3.05246019363403
"Socrative Student","Socrative Inc.",/store/apps/developer?id=Socrative+Inc.,EDUCATION,True,0.0,8856,3.29731249809265
UTS,"Centre for Railway Information Systems",/store/apps/developer?id=Centre+for+Railway+Information+Systems,TRAVEL_AND_LOCAL,True,0.0,8846,3.23185610771179
"WD TV Remote","Western Digital Technologies, Inc.","/store/apps/developer?id=Western+Digital+Technologies,+Inc.",ENTERTAINMENT,True,0.0,8827,3.36490321159363
"Turkcell TV+","TURKCELL İNTERAKTİF",/store/apps/developer?id=TURKCELL+%C4%B0NTERAKT%C4%B0F,ENTERTAINMENT,True,0.0,8815,3.49835515022278
"Details for Minecraft",Zireck,/store/apps/developer?id=Zireck,BOOKS_AND_REFERENCE,True,0.0,8805,3.48109030723572
"משוב לתלמידים ולהורים","Mashov Ltd.",/store/apps/developer?id=Mashov+Ltd.,EDUCATION,True,0.0,8800,3.32602262496948
"Anonymous chat",Dwerty,/store/apps/developer?id=Dwerty,SOCIAL,True,0.0,8774,3.13881921768188
"FOX Sports NL","FOX Sports NL",/store/apps/developer?id=FOX+Sports+NL,SPORTS,True,0.0,8735,3.37371182441711
"Movie Aid",ASTI,/store/apps/developer?id=ASTI,MEDIA_AND_VIDEO,True,0.0,8665,3.41211771965027
"(앱연동) Droid-X 안드로이드 백신",NSHC.,/store/apps/developer?id=NSHC.,FINANCE,True,0.0,8657,2.70567178726196
"Vodafone Start",Vodafone,/store/apps/developer?id=Vodafone,TOOLS,True,0.0,8653,2.6128511428833
"Omegle - Free Omegle Chat",NDCubed,/store/apps/developer?id=NDCubed,SOCIAL,True,0.0,8645,3.34725284576416
"STARZ Play","Starz Entertainment, LLC","/store/apps/developer?id=Starz+Entertainment,+LLC",ENTERTAINMENT,True,0.0,8629,3.41488003730774
"Three inTouch",Three,/store/apps/developer?id=Three,COMMUNICATION,True,0.0,8617,2.96216773986816
"Like Manager for Instagram","Yahami Lab",/store/apps/developer?id=Yahami+Lab,SOCIAL,True,0.0,8610,3.38269448280334
"Rainbow Battery",Chodak,/store/apps/developer?id=Chodak,TOOLS,True,0.0,8545,3.35775303840637
Snapfish,Snapfish,/store/apps/developer?id=Snapfish,PHOTOGRAPHY,True,0.0,8539,3.10715532302856
"S Suggest","Samsung Electronics Co. Ltd",/store/apps/dev?id=4670314572380601657,ENTERTAINMENT,True,0.0,8535,2.82378435134888
"ערוץ 10","Channel 10 ערוץ",/store/apps/developer?id=Channel+10+%D7%A2%D7%A8%D7%95%D7%A5,ENTERTAINMENT,True,0.0,8520,3.47429585456848
"삼성카드","Samsung Card",/store/apps/developer?id=Samsung+Card,FINANCE,True,0.0,8506,3.37764716148376
"dTV -映画、ドラマ、アニメならディーティービー-","NTT DOCOMO",/store/apps/developer?id=NTT+DOCOMO,MEDIA_AND_VIDEO,True,0.0,8486,3.274334192276
"Alerta Sísmica DF",SocialPlatform5.com,/store/apps/developer?id=SocialPlatform5.com,NEWS_AND_MAGAZINES,True,0.0,8445,3.32279443740845
"V-Edit (Video Edit)",w6studio,/store/apps/developer?id=w6studio,PHOTOGRAPHY,True,0.0,8441,3.29913520812988
"dwango.jp：着うた®・着うたフル®・着信音・壁紙","DWANGO MOBILE CO., LTD.","/store/apps/developer?id=DWANGO+MOBILE+CO.,+LTD.",MUSIC_AND_AUDIO,True,0.0,8429,2.87685370445251
"Flixster Digital Copy","Flixster Inc.",/store/apps/developer?id=Flixster+Inc.,ENTERTAINMENT,True,0.0,8424,2.86562204360962
WLANAudit,"Roberto Estrada",/store/apps/developer?id=Roberto+Estrada,TOOLS,True,0.0,8355,3.37761807441711
"Скачать Музыка из ВКонтакте","Anton Petrov",/store/apps/developer?id=Anton+Petrov,MUSIC_AND_AUDIO,True,0.0,8329,3.21467161178589
Myspace,Myspace,/store/apps/developer?id=Myspace,MUSIC_AND_AUDIO,True,0.0,8317,3.46483111381531
"write on pictures",Adcoms,/store/apps/developer?id=Adcoms,PHOTOGRAPHY,True,0.0,8308,3.38468956947327
"MPC Dubstep Maker","Big Apps",/store/apps/developer?id=Big+Apps,MUSIC_AND_AUDIO,True,0.0,8279,3.19156908988953
"Twonky Beam: 動画/音楽/写真の再生/転送アプリ","PacketVideo Corp",/store/apps/developer?id=PacketVideo+Corp,MEDIA_AND_VIDEO,True,0.0,8261,3.2904007434845
"Das Erste","Erstes Deutsches Fernsehen",/store/apps/developer?id=Erstes+Deutsches+Fernsehen,ENTERTAINMENT,True,0.0,8242,3.3402087688446
"LinkedIn Pulse",LinkedIn,/store/apps/dev?id=6860682062931868151,NEWS_AND_MAGAZINES,True,0.0,8216,3.36124634742737
"ScreenMirroring Patch","Samsung Electronics Co.,  Ltd.","/store/apps/developer?id=Samsung+Electronics+Co.,++Ltd.",TOOLS,True,0.0,8200,3.13743901252747
"百度音乐","Baidu Inc.",/store/apps/developer?id=Baidu+Inc.,MEDIA_AND_VIDEO,True,0.0,8182,2.95917868614197
Binoculars,jferconde,/store/apps/developer?id=jferconde,ENTERTAINMENT,True,0.0,8141,3.38582491874695
"18,000 COOL JOKES","Objectified Apps LLC",/store/apps/developer?id=Objectified+Apps+LLC,ENTERTAINMENT,True,0.0,8116,3.20133066177368
"Kylie Jenner Official App","Whalerock Industries",/store/apps/developer?id=Whalerock+Industries,ENTERTAINMENT,True,0.0,8110,2.86991357803345
DynEd,"DynEd International, Inc.","/store/apps/developer?id=DynEd+International,+Inc.",EDUCATION,True,0.0,8102,3.48457169532776
"Camera Beauty Detector",Enrasoft,/store/apps/dev?id=4898984495339363497,ENTERTAINMENT,True,0.0,8088,3.16913938522339
Ruutu,"Sanoma Media Finland",/store/apps/developer?id=Sanoma+Media+Finland,MEDIA_AND_VIDEO,True,0.0,8081,2.65920066833496
"土豆HD-电影电视剧动漫音乐新闻娱乐视频播放器","优酷土豆集团",/store/apps/developer?id=%E4%BC%98%E9%85%B7%E5%9C%9F%E8%B1%86%E9%9B%86%E5%9B%A2,ENTERTAINMENT,True,0.0,8075,2.65052628517151
"Premium Play","RTI Spa",/store/apps/developer?id=RTI+Spa,MEDIA_AND_VIDEO,True,0.0,8074,3.45367836952209
"TP-LINK Tether","TP-LINK Technologies Co., Ltd.","/store/apps/developer?id=TP-LINK+Technologies+Co.,+Ltd.",LIBRARIES_AND_DEMO,True,0.0,8064,3.35429072380066
"Emoji Keyboard - Dict,Emoji",WaterwaveCenter,/store/apps/developer?id=WaterwaveCenter,TOOLS,True,0.0,8042,3.46406364440918
"현대카드(+앱카드)","Hyundai Card",/store/apps/developer?id=Hyundai+Card,FINANCE,True,0.0,8027,2.74299240112305
"TV Overal / TV Partout",Proximus,/store/apps/developer?id=Proximus,MEDIA_AND_VIDEO,True,0.0,7985,3.45886039733887
"TF: Light Table","Nikolay Ananiev",/store/apps/developer?id=Nikolay+Ananiev,PRODUCTIVITY,True,0.0,7960,3.28907036781311
"Clarosync - 5GB Gratis","Telcel, Radiomovil Dipsa S.A. de C.V.","/store/apps/developer?id=Telcel,+Radiomovil+Dipsa+S.A.+de+C.V.",PRODUCTIVITY,True,0.0,7928,3.46115040779114
Toggle,"MediaCorp Pte Ltd",/store/apps/developer?id=MediaCorp+Pte+Ltd,ENTERTAINMENT,True,0.0,7925,3.1418297290802
"quack! messenger","Betrovica SL",/store/apps/developer?id=Betrovica+SL,SOCIAL,True,0.0,7913,3.47617840766907
"Real Dinosaurs",NG-TEAM,/store/apps/developer?id=NG-TEAM,ENTERTAINMENT,True,0.0,7909,3.30307245254517
"Easy Wallet","EasyCard Corp.",/store/apps/developer?id=EasyCard+Corp.,PRODUCTIVITY,True,0.0,7887,3.16178512573242
"Furniture Ideas - Minecraft PE","Wizzed Media",/store/apps/developer?id=Wizzed+Media,NEWS_AND_MAGAZINES,True,0.0,7831,3.17430734634399
"XFINITY TV","Comcast Interactive Media",/store/apps/developer?id=Comcast+Interactive+Media,ENTERTAINMENT,True,0.0,7826,3.36685419082642
"Countdown Widget","Sevenlogics, INC","/store/apps/developer?id=Sevenlogics,+INC",LIFESTYLE,True,0.0,7817,3.46667528152466
"Onkyo Remote for Android 2.3","Onkyo Corporation",/store/apps/developer?id=Onkyo+Corporation,MUSIC_AND_AUDIO,True,0.0,7805,3.45233201980591
letvHD,"乐视",/store/apps/developer?id=%E4%B9%90%E8%A7%86,MEDIA_AND_VIDEO,True,0.0,7797,2.97511863708496
"Easy Hairstyles Images",Asturstudio,/store/apps/developer?id=Asturstudio,ENTERTAINMENT,True,0.0,7784,3.45619225502014
"Video Reverse (Video Editor)","ANDROID PIXELS",/store/apps/developer?id=ANDROID+PIXELS,PHOTOGRAPHY,True,0.0,7764,3.29482221603394
"IBM Verse","IBM Collaboration Solutions",/store/apps/developer?id=IBM+Collaboration+Solutions,BUSINESS,True,0.0,7745,3.47617816925049
"TVGuide.co.uk TV Guide UK","TV guide",/store/apps/developer?id=TV+guide,ENTERTAINMENT,True,0.0,7730,3.30336356163025
"Mobile App Store",V-Mobile-Apps,/store/apps/developer?id=V-Mobile-Apps,PRODUCTIVITY,True,0.0,7716,3.35199594497681
"LOVEFiLM By Post","LOVEFiLM LTD",/store/apps/developer?id=LOVEFiLM+LTD,ENTERTAINMENT,True,0.0,7712,2.26633810997009
"Market Helper","JRummy Apps Inc.",/store/apps/developer?id=JRummy+Apps+Inc.,LIBRARIES_AND_DEMO,True,0.0,7678,3.30685067176819
"ChatNOW (Random Chat)","Hana App",/store/apps/developer?id=Hana+App,COMMUNICATION,True,0.0,7650,3.11620926856995
Wingstop,"Wingstop Restaurants, Incorporated","/store/apps/developer?id=Wingstop+Restaurants,+Incorporated",LIFESTYLE,True,0.0,7615,3.31030869483948
"KB국민카드 모바일홈","KB KOOKMINCARD CO., LTD.","/store/apps/developer?id=KB+KOOKMINCARD+CO.,+LTD.",FINANCE,True,0.0,7601,2.64649391174316
"フリマアプリLINE MALL（ラインモール） 出品無料！","LINE Corporation",/store/apps/dev?id=4919265583026901892,SHOPPING,True,0.0,7595,3.44318628311157
"Knock Lock","Damian Piwowarski",/store/apps/developer?id=Damian+Piwowarski,TOOLS,True,0.0,7585,3.39129853248596
"Scary Voice Changer","Fantastic Apps Free",/store/apps/developer?id=Fantastic+Apps+Free,MUSIC_AND_AUDIO,True,0.0,7577,3.49557876586914
"X-Ray Scanner",Wasabi,/store/apps/dev?id=5854296851384590428,ENTERTAINMENT,True,0.0,7576,2.61364841461182
"Pizza Hut India","Yum Brands Inc - India Division",/store/apps/developer?id=Yum+Brands+Inc+-+India+Division,LIFESTYLE,True,0.0,7572,3.17987322807312
"TSN GO","Bell Media Inc.",/store/apps/developer?id=Bell+Media+Inc.,SPORTS,True,0.0,7540,2.64734745025635
"LaunchDay - FIFA","EGM Media, LLC","/store/apps/developer?id=EGM+Media,+LLC",ENTERTAINMENT,True,0.0,7532,3.480881690979
"GETTINGS - Coupons & Angebote","Gettings GmbH",/store/apps/developer?id=Gettings+GmbH,SHOPPING,True,0.0,7528,3.16978883743286
"Hong Kong Toolbar","Commercial Radio Productions Ltd",/store/apps/developer?id=Commercial+Radio+Productions+Ltd,ENTERTAINMENT,True,0.0,7519,2.73077940940857
KidTime,"DoMobile Lab",/store/apps/developer?id=DoMobile+Lab,EDUCATION,True,0.0,7518,3.48230910301209
"Reverse Cam Fun Lite","Arthi-soft Mobile Apps",/store/apps/developer?id=Arthi-soft+Mobile+Apps,ENTERTAINMENT,True,0.0,7513,3.35232257843018
"Spectrum TV","Charter Communications, Inc.","/store/apps/developer?id=Charter+Communications,+Inc.",ENTERTAINMENT,True,0.0,7485,2.96820306777954
"Garfield's Defense: Live WP","Web Prancer",/store/apps/dev?id=6536898862803116631,PERSONALIZATION,True,0.0,7477,3.40444016456604
"IBK ONE알림","IBK 기업은행",/store/apps/developer?id=IBK+%EA%B8%B0%EC%97%85%EC%9D%80%ED%96%89,FINANCE,True,0.0,7472,3.23648285865784
"Metal detector",pineapple4,/store/apps/developer?id=pineapple4,TOOLS,True,0.0,7433,3.22776794433594
"스타벅스","(주)스타벅스커피 코리아",/store/apps/developer?id=(%EC%A3%BC)%EC%8A%A4%ED%83%80%EB%B2%85%EC%8A%A4%EC%BB%A4%ED%94%BC+%EC%BD%94%EB%A6%AC%EC%95%84,ENTERTAINMENT,True,0.0,7387,3.39745497703552
"TracFone My Account",TracFone,/store/apps/developer?id=TracFone,COMMUNICATION,True,0.0,7381,3.46538400650024
EXIST,Exist.ru,/store/apps/developer?id=Exist.ru,TRANSPORTATION,True,0.0,7348,3.45345664024353
"Bell TV","Bell Canada",/store/apps/developer?id=Bell+Canada,MEDIA_AND_VIDEO,True,0.0,7300,3.02986311912537
"LockBot Free","JackDoIt Inc",/store/apps/developer?id=JackDoIt+Inc,ENTERTAINMENT,True,0.0,7267,3.37734532356262
"myVideo影音(手機)-電影動漫MLB新聞幼兒線上看","match App",/store/apps/developer?id=match+App,MEDIA_AND_VIDEO,True,0.0,7260,3.3314049243927
"올레 tv 모바일","KT Corporation",/store/apps/developer?id=KT+Corporation,MEDIA_AND_VIDEO,True,0.0,7250,3.02910351753235
"Nator Browser",azione,/store/apps/developer?id=azione,COMMUNICATION,True,0.0,7207,3.07353949546814
"Walla! VOD !וואלה","Walla! Ltd",/store/apps/developer?id=Walla!+Ltd,ENTERTAINMENT,True,0.0,7206,3.31112957000732
"Vagas de Emprego - Catho",Catho,/store/apps/developer?id=Catho,BUSINESS,True,0.0,7186,3.48135256767273
"MijnTele2 App","Tele2 Nederland BV",/store/apps/developer?id=Tele2+Nederland+BV,TOOLS,True,0.0,7173,2.13801765441895
"GO Keyboard Sunset glow theme","Art Dev",/store/apps/developer?id=Art+Dev,PERSONALIZATION,True,0.0,7167,3.3668200969696
Sex.Only,"Vanderbox PC",/store/apps/developer?id=Vanderbox+PC,SOCIAL,True,0.0,7151,3.33268070220947
tvp.pl,"TVP S.A.",/store/apps/developer?id=TVP+S.A.,ENTERTAINMENT,True,0.0,7149,3.02126169204712
"올레 고객센터(KT최신기종/해외/SKT/LGU+)","KT Corporation",/store/apps/developer?id=KT+Corporation,LIFESTYLE,True,0.0,7131,2.92682576179504
"Video Collage (VideoWhiz)",NextWayMedia.com,/store/apps/developer?id=NextWayMedia.com,MEDIA_AND_VIDEO,True,0.0,7119,3.3826379776001
"XRay Body Scanner Simulator",Just4Fun,/store/apps/developer?id=Just4Fun,ENTERTAINMENT,True,0.0,7119,2.99466228485107
"Screen Recorder ( Ascrecorder)",sylkat,/store/apps/developer?id=sylkat,MEDIA_AND_VIDEO,True,0.0,7111,2.84263825416565
"GIMP Inkscape",pelya,/store/apps/developer?id=pelya,PHOTOGRAPHY,True,0.0,7075,3.31307411193848
"Popcornflix™-Great Movies Free","Screen Media Ventures, L.L.C.","/store/apps/developer?id=Screen+Media+Ventures,+L.L.C.",ENTERTAINMENT,True,0.0,7074,3.17684483528137
"dメニュー","NTT DOCOMO",/store/apps/developer?id=NTT+DOCOMO,TOOLS,True,0.0,7070,2.8673267364502
"EASY BEAT, make your own song",palmpage4u,/store/apps/developer?id=palmpage4u,ENTERTAINMENT,True,0.0,7063,3.35296607017517
"HBO Nordic","HBO Nordic",/store/apps/developer?id=HBO+Nordic,ENTERTAINMENT,True,0.0,7027,2.63554859161377
ARD,ARD.de/SWR,/store/apps/developer?id=ARD.de/SWR,MEDIA_AND_VIDEO,True,0.0,7026,3.48420143127441
"Bbbler Actors for Omlet",Bbbler,/store/apps/developer?id=Bbbler,TOOLS,True,0.0,7012,2.81488871574402
"Electric Socket Simulator","Leonid Shkatulo",/store/apps/developer?id=Leonid+Shkatulo,ENTERTAINMENT,True,0.0,6955,3.24212789535522
"411 & More","T-Mobile USA",/store/apps/developer?id=T-Mobile+USA,PRODUCTIVITY,True,0.0,6947,2.62343454360962
"오클락 - CJ오쇼핑 소셜커머스","CJ O Shopping",/store/apps/developer?id=CJ+O+Shopping,SHOPPING,True,0.0,6926,3.40051984786987
"LAF VK. Раскрутка профиля","LAF Network",/store/apps/developer?id=LAF+Network,SOCIAL,True,0.0,6913,3.26341676712036
"Night Vision Cam","andro iX",/store/apps/developer?id=andro+iX,TOOLS,True,0.0,6907,2.87487316131592
Destaques,"Samsung Eletronics Brasil",/store/apps/developer?id=Samsung+Eletronics+Brasil,TOOLS,True,0.0,6907,3.07456207275391
"Yandex.News widget","Яндекс",/store/apps/dev?id=9141303443900639327,NEWS_AND_MAGAZINES,True,0.0,6895,3.48382878303528
"DIRECTV for Tablets","DIRECTV, LLC","/store/apps/developer?id=DIRECTV,+LLC",ENTERTAINMENT,True,0.0,6892,3.47722005844116
"JAMBOX / ERA Companion",Jawbone,/store/apps/developer?id=Jawbone,PRODUCTIVITY,True,0.0,6882,3.42879986763
"SBS Transit iris","ComfortDelGro Corporation Limited",/store/apps/developer?id=ComfortDelGro+Corporation+Limited,TRAVEL_AND_LOCAL,True,0.0,6870,3.05414843559265
BODMovil,"Dinama Mobile App",/store/apps/developer?id=Dinama+Mobile+App,FINANCE,True,0.0,6853,3.29155111312866
"QUI EST LE MOINS CHER ?",SCGALEC,/store/apps/developer?id=SCGALEC,LIFESTYLE,True,0.0,6836,2.67276191711426
"TV4 Play","TV4 AB",/store/apps/developer?id=TV4+AB,ENTERTAINMENT,True,0.0,6820,3.00659823417664
"Hair Color",ModiFace,/store/apps/developer?id=ModiFace,LIFESTYLE,True,0.0,6809,3.01101493835449
"HOT VOD",HOT,/store/apps/developer?id=HOT,ENTERTAINMENT,True,0.0,6795,3.20559239387512
"Front Flash","Supreme apps",/store/apps/developer?id=Supreme+apps,PHOTOGRAPHY,True,0.0,6785,3.19484162330627
"FaceMe - Funny Video Booth","EZEme LLC",/store/apps/developer?id=EZEme+LLC,ENTERTAINMENT,True,0.0,6769,3.38676309585571
Milliyet,"Milliyet Gazetecilik ve Yayıncılık A.Ş.",/store/apps/developer?id=Milliyet+Gazetecilik+ve+Yay%C4%B1nc%C4%B1l%C4%B1k+A.%C5%9E.,NEWS_AND_MAGAZINES,True,0.0,6767,3.15619921684265
"Color Effects Free","Leyi App",/store/apps/developer?id=Leyi+App,PHOTOGRAPHY,True,0.0,6764,3.43716740608215
"Junaio Augmented Reality","Metaio GmbH",/store/apps/developer?id=Metaio+GmbH,TRAVEL_AND_LOCAL,True,0.0,6734,3.06219100952148
"Lobi / Free game, Group chat","KAYAC Inc.",/store/apps/developer?id=KAYAC+Inc.,SOCIAL,True,0.0,6684,3.46439266204834
"Korean Air","KOREAN AIR LINES.CO., LTD.","/store/apps/developer?id=KOREAN+AIR+LINES.CO.,+LTD.",TRAVEL_AND_LOCAL,True,0.0,6667,2.97343945503235
"Whats-Widgets (ROOT!)",6am3.com,/store/apps/developer?id=6am3.com,PERSONALIZATION,True,0.0,6662,3.44656252861023
"Face Mood Scanner","Asanka Senavirathna",/store/apps/developer?id=Asanka+Senavirathna,ENTERTAINMENT,True,0.0,6637,3.31640791893005
"Sauvegarde Mobile","Orange SA",/store/apps/developer?id=Orange+SA,TOOLS,True,0.0,6630,2.69251656532288
"Color Effects Photo Splash","The Othernet, LLC","/store/apps/developer?id=The+Othernet,+LLC",PHOTOGRAPHY,True,0.0,6569,3.3253653049469
"Photo Recovery","Tasty Blueberry PI",/store/apps/developer?id=Tasty+Blueberry+PI,TOOLS,True,0.0,6563,3.30001521110535
"TIM Wi-Fi","TIM Brasil",/store/apps/developer?id=TIM+Brasil,TOOLS,True,0.0,6548,3.30100798606873
"페이나우(간편결제) - 쇼핑할 때 할인","LG유플러스(LG Uplus Corporation)",/store/apps/developer?id=LG%EC%9C%A0%ED%94%8C%EB%9F%AC%EC%8A%A4(LG+Uplus+Corporation),FINANCE,True,0.0,6547,3.38949131965637
